Time(s),State,Distance(km),Speed(km/h),Duty%,ADC1,ADC2,Voltage,Pitch,Roll,I-Battery,I-Motor,I-FldWeak,Requested Amps,Setpoint,SP-ATR,SP-Carve,T-Mosfet,T-Mot,Motor-Fault,Ah,Ah Charged,Wh,Wh Charged,ERPM,Altitude(m),State(num),True Pitch,SP-TrqTlt,SP-BrkTlt,SP-Remote,T-Batt,I-Booster,GPS-Lat,GPS-Long,GPS-Accuracy
0,STARTUP,0,0,0%,3.02,3.02,83.8,-24,10.6,0,19.6,0,-31.1,-2.2,-2.8,0.6,32,33.6,0,0,0,0.09,0.03,0,570,11,0.2,-0.6,0,0,0,0,0,0,0
0.14,STARTUP,0.0065,0.5,1%,3.02,3.02,83.8,-24,8.5,0.4,19.2,0,-30.3,-2,-2.8,0.6,32.1,33.7,0,0,0,0.09,0.03,142,570,11,0.7,-0.8,0,0,0,0,-25.3549967,131.0328081,9
0.29,RIDING,0.0079,1.1,2%,3.02,3.02,83.8,-24,6.3,0.8,19.2,0,-32.7,-2.4,-3,0.4,32.2,33.8,0,0,0,0.09,0.03,313,569,1,0.5,-0.8,0,0,0,0,-25.35505,131.0328188,9
1.4,RIDING,0.0087,1.7,4%,3.02,3,83.7,-3,5.6,1.6,18.8,0,-21.7,-3.4,-3.4,0,32.3,33.9,0,0,0,0.09,0.03,484,568,1,-3.2,-0.4,0,0,0,0,-25.3551033,131.0328295,9
1.55,RIDING,0.0095,2.3,5%,3.02,3.02,83.7,-2.9,5.8,2,18.4,0,-18.7,-3.2,-3.4,0,32.4,34,0,0,0,0.09,0.03,654,566,1,-3.5,-0.2,0,0,0,0,-25.3551421,131.0328523,9
1.61,RIDING,0.0103,3,7%,3.02,3.02,83.7,-2.7,6.1,2.8,18,0,-16,-2.8,-3.2,0.2,32.6,34.2,0,0,0,0,0,854,567,1,-3.5,0,0,0,0,0,-25.3551518,131.0328818,9
1.67,RIDING,0.0111,3.6,8%,3.02,3.02,83.7,-2.3,6.3,3.2,17.6,0,-18.1,-2.6,-3,0.4,32.6,34.2,0,0,0,0,0,1024,565,1,-3.4,0,0,0,0,0,-25.3551445,131.0329006,9
1.79,RIDING,0.012,4.1,9%,3.02,3.02,83.7,-2.2,6.1,3.6,17.2,0,-22.1,-2.6,-3,0.4,32.7,34.3,0,0,0,0,0,1166,564,1,-3.1,-0.2,0,0,0,0,-25.3551324,131.0329181,9
1.88,RIDING,0.0129,4.8,11%,3.02,3.02,83.6,-2.2,5.4,4.4,16.8,0,-29.6,-2.8,-3.2,0.4,32.9,34.4,0,0,0,0,0,1366,563,1,-2.9,-0.4,0,0,0,0,-25.3551046,131.0329301,9
1.97,RIDING,0.0138,5.3,12%,3.02,3.02,83.6,-2.6,4.6,4.8,16.4,2.7,-28.3,-3.2,-3.4,0.2,33,34.6,0,0,0,0,0,1508,562,1,-3,-0.8,0,0,0,0,-25.3550682,131.0329462,9
2.06,RIDING,0.0147,5.9,13%,3,3,83.6,-2.6,3.4,5.2,16,0,-24.6,-3,-3.4,0.2,33,34.6,0,0,0,0,0,1679,564,1,-3,-0.6,0,0,0,0,-25.3550367,131.0329583,9
2.15,RIDING,0.0156,6.5,14%,3.02,3.02,83.6,-2.6,2.5,5.6,16,0,-21.6,-3,-3.2,0.2,33.1,34.8,0,0,0,0,0,1849,563,1,-3,-0.2,0,0,0,0,-25.35501,131.0329838,9
2.27,RIDING,0.0166,7.1,16%,3.02,3,83.6,-2.4,1.9,6.4,0,0,-18.8,-2.6,-3,0.4,33.3,34.9,0,0,0,0,0,2020,561,1,-3,0,0,0,0,0,-25.3550088,131.0330173,9
2.36,RIDING,0.0176,7.8,17%,3,3,83.5,-2.3,1.4,6.8,0.4,0,-16.6,-2.4,-3,0.4,33.4,35,0,0,0,0,0,2219,560,1,-3,0,0,0,0,0,-25.3550173,131.0330307,9
2.48,RIDING,0.0186,8.4,19%,3.02,3.02,83.5,-2.1,0.2,7.6,0.8,0,-18.5,-2.4,-2.8,0.4,33.5,35,0,0,0,0,0,2390,561,1,-2.7,0,0,0,0,0,-25.3550367,131.0330481,9
2.57,RIDING,0.0197,9,20%,3.02,3.02,83.5,-2.2,-1.4,8,1.6,0,-20.4,-2.4,-2.6,0,33.6,35.2,0,0,0,0,0,2561,562,1,-2.3,-0.2,0,0,0,0,-25.3550706,131.0330589,9
2.66,RIDING,0.0208,9.6,21%,3.02,3.04,83.5,-2.2,-3.6,8.4,2,0,-18.6,-2.4,-2.4,0,33.7,35.3,0,0,0,0,0,2731,563,1,-2,-0.2,0,0,0,0,-25.3551021,131.0330642,9
2.75,RIDING,0.0219,10.1,22%,3.02,3.02,83.5,-2.1,-5.4,8.8,2.8,0,-16.5,-2.2,-2.2,0,33.8,35.4,0,0,0,0,0,2873,565,1,-1.8,0,0,0,0,0,-25.3551239,131.0330696,9
2.84,RIDING,0.023,10.7,24%,3,3,83.4,-2.1,-6.6,9.6,3.2,0,-11.1,-2,-2,0,33.9,35.5,0,0,0,0,0,3044,566,1,-1.6,0,0,0,0,0,-25.3551506,131.033075,9
2.93,RIDING,0.0242,11.3,25%,3,3,83.4,-2.3,-7.5,10,3.6,0,-0.8,-1.8,-1.8,0,34,35.6,0,0,0,0,0,3215,567,1,-1.8,0,0,0,0,0,-25.3551676,131.0330844,9
3.05,RIDING,0.0254,12,27%,3.02,3.02,83.4,-2.3,-7.8,10.8,4.4,0,10.7,-1.6,-1.6,0,34.2,35.7,0,0,0,0,0,3414,565,1,-2.3,0,0,0,0,0,-25.3551761,131.0331072,9
3.14,RIDING,0.0266,12.6,28%,3.02,3.02,83.4,-2.2,-6.9,11.2,4.8,0,17.2,-1.2,-1.4,0,34.2,35.8,0,0,0,0,0,3585,564,1,-2.6,0,0,0,0,0,-25.3551736,131.03313,9
3.23,RIDING,0.0279,13.1,29%,3,3,83.4,-1.5,-5.6,11.6,5.2,0,16.2,-0.6,-1,0.4,34.3,35.9,0,0,0,0,0,3727,563,1,-2.6,0,0,0,0,0,-25.3551542,131.0331675,9
3.32,RIDING,0.0292,13.7,30%,3.02,3,83.3,-0.9,-4.4,12,5.6,0,16.6,0,-0.8,0.8,34.4,36,0,0,0,0,0,3898,562,1,-2.4,0,0,0,0,0,-25.3551264,131.0331849,9
3.41,RIDING,0.0305,14.3,32%,3.02,3.02,83.3,-0.8,-3.2,12.8,6.4,0,13.4,0,-0.6,0.6,34.6,36.2,0,0,0,0,0,4068,561,1,-2.2,0,0,0,0,0,-25.3551021,131.0331957,9
3.5,RIDING,0.0318,15,33%,3.02,3.02,83.3,-0.8,-2,13.2,6.8,0,11.3,-0.2,-0.4,0.2,34.6,36.2,0,0,0,0,0,4268,560,1,-2,0,0,0,0,0,-25.3550924,131.0332064,9
3.59,RIDING,0.0332,15.6,35%,3.02,3.02,83.3,-0.8,-0.5,14,7.6,0,11.2,-0.2,-0.2,0,34.8,36.3,0,0,0,0,0,4438,561,1,-1.8,0,0,0,0,0,-25.3550767,131.0332547,9
3.71,RIDING,0.0346,16.2,36%,3.02,3.02,83.3,-0.6,0.7,14.4,8,0,8.7,0,0,0,34.9,36.5,0,0,0,0,0,4609,562,1,-1.4,0,0,0,0,0,-25.3550936,131.033319,9
3.8,RIDING,0.036,16.8,37%,3.02,3.02,83.2,-0.5,1.7,14.8,8.4,0,10.2,0,0,0,35,36.6,0,0,0,0,0,4780,563,1,-1,0,0,0,0,0,-25.3551094,131.0333499,9
3.89,RIDING,0.0375,17.3,38%,3.02,3.02,83.2,-0.1,1.9,15.2,8.8,2,11.4,0.4,0,0.4,35,36.6,0,0,0,0,0,4922,564,1,-0.6,0,0,0,0,0,-25.3551373,131.0333714,9
4.01,RIDING,0.039,17.9,40%,3.02,3.02,83.2,-0.4,2.1,16,9.6,0,27.5,0.8,0,0.8,35.2,36.8,0,0,0,0,0,5093,566,1,-0.3,0,0,0,0,0,-25.3551615,131.0334076,9
4.11,RIDING,0.0405,18.5,41%,3,3,83.2,1.1,2.4,16.4,10,0,-0.5,1.2,0,1.2,35.3,36.9,0,0,0,0,0,5263,567,1,0.4,0,0,0,0,0,-25.35517,131.0334625,9
4.25,RIDING,0.042,19.2,43%,3.02,3.02,83.2,1.2,1.1,17.2,10.8,0,0.2,1.2,-0.4,1.6,35.4,37,0,0,0,0,0,5462,569,1,1.1,0,0,0,0,0,-25.3551652,131.03348,9
4.35,RIDING,0.0436,19.8,44%,3.02,3.02,83.1,1.2,-0.2,17.6,11.2,0,-0.2,1.2,-0.2,1.4,35.5,37.1,0,0,0,0,0,5633,568,1,1.5,0,0,0,0,0,-25.3551445,131.0335001,9
4.49,RIDING,0.0452,20.3,45%,3,3,83.1,0.9,0.1,18,11.6,0,-3.1,0.8,-0.2,0.8,35.6,37.2,0,0,0,0,0,5775,567,1,2,0,0,0,0,0,-25.3550936,131.0335242,9
4.62,RIDING,0.0468,20.9,46%,3.02,3.02,83.1,0.5,-0.6,18.4,12,0,-2.2,0.4,-0.2,0.4,35.7,37.3,0,0,0,0,0,5946,565,1,1.9,0,0,0,0,0,-25.3550355,131.0335457,9
4.7,RIDING,0.0485,21.5,48%,3.02,3,83.1,0.1,-2.5,19.2,12.8,0,-2.4,0,0,0,35.8,37.4,0,0,0,0,0,6117,564,1,1.9,0,0,0,0,0,-25.354987,131.0335524,9
4.79,RIDING,0.0502,22.1,49%,3.02,3.02,83.1,-0.1,-3.9,19.6,13.2,0,3,0,0,0,35.9,37.5,0,0,0,0,0,6287,563,1,1.6,0,0,0,0,0,-25.3549191,131.0335497,9
4.88,RIDING,0.0519,22.7,50%,3.02,3.02,83,-0.1,-4.1,20,14,0,2.7,0,0,0,36,37.6,0,0,0,0,0,6458,562,1,1.4,0,0,0,0,0,-25.3548888,131.033547,9
4.97,RIDING,0.0536,23.4,52%,3.02,3.02,83,-0.1,-3.2,20.8,14.4,0,5.9,0,0,0,36.2,37.8,0,0,0,0,0,6657,561,1,1,0,0,0,0,0,-25.3548452,131.033535,9
5.06,RIDING,0.0554,24,53%,3.02,3.02,83,-0.2,-1.9,21.2,14.8,0,7.8,0,0,0,36.2,37.8,0,0,0,0,0,6828,560,1,0.6,0,0,0,0,0,-25.3548076,131.0335269,9
5.15,RIDING,0.0572,24.5,54%,3.02,3.02,83,-0.2,-1.3,21.6,15.2,0,7.3,0,0,0,36.3,37.9,0,0,0,0,0,6970,561,1,0.3,0,0,0,0,0,-25.3547689,131.0335175,9
5.24,RIDING,0.059,25,56%,3,3,83,-0.2,-1.5,22.4,16,0,8.7,0,0,0,36.5,38,0,0,0,0,0,7113,563,1,0,0,0,0,0,0,-25.3547264,131.0335081,9
5.33,RIDING,0.0608,25.6,57%,3.02,3.02,82.9,-0.3,-2.1,22.8,16.4,0,11.2,0,0,0,36.6,38.1,0,0,0,0,0,7283,564,1,-0.2,0,0,0,0,0,-25.3546889,131.0335001,9
5.45,RIDING,0.0627,26.1,58%,3.02,3.02,82.9,-0.3,-2.9,23.2,17.2,0,11.6,0,0,0,36.6,38.2,0,0,0,0,0,7425,565,1,-0.4,0,0,0,0,0,-25.354644,131.033484,9
5.54,RIDING,0.0646,26.8,60%,3.02,3.02,82.9,-0.3,-4.3,24,17.6,0,10,0,0,0,36.8,38.3,0,0,0,0,0,7625,566,1,-0.6,0,0,0,0,0,-25.3545859,131.0334786,9
5.63,RIDING,0.0665,27.4,61%,3.02,3.02,82.9,-0.3,-5.7,24.4,18,0,9.1,0,0,0,36.9,38.4,0,0,0,0,0,7795,567,1,-0.6,0,0,0,0,0,-25.3545277,131.03348,9
5.72,RIDING,0.0684,28.1,62%,3.02,3.02,82.9,-0.4,-6.7,24.8,18.4,0,11.4,0,0,0,37,38.6,0,0,0,0,0,7994,568,1,-0.8,0,0,0,0,0,-25.3543276,131.0334714,9
5.84,RIDING,0.0704,28.7,64%,3.02,3.02,82.8,-0.5,-7.3,25.6,19.2,0,15.4,0,0,0,37.1,38.6,0,0,0,0,0,8165,566,1,-1.1,0,0,0,0,0,-25.3543276,131.0334714,9
5.96,RIDING,0.0724,29.3,65%,3.02,3.02,82.8,-0.1,-7.3,26,19.6,0,16.3,0.4,0,0.4,37.2,38.7,0,0,0,0,0,8336,565,1,-1.1,0,0,0,0,0,-25.3542453,131.0334651,9
6.08,RIDING,0.0744,29.9,66%,3.02,3.02,82.8,0.5,-6.6,26.4,20,0,14,1,0,1,37.3,38.8,0,0,0,0,0,8507,563,1,-0.8,0,0,0,0,0,-25.3541678,131.0334598,9
6.17,RIDING,0.0764,30.5,68%,3.02,3.02,82.8,1,-5.7,27.2,20.8,0,11.7,1.2,0,1.2,37.4,38.9,0,0,0,0,0,8677,562,1,-0.5,0,0,0,0,0,-25.3540805,131.0334437,9
6.26,RIDING,0.0785,31,69%,3.02,3.02,82.8,1.3,-4.6,27.6,21.2,0,6.3,1.4,0,1.4,37.5,39,0,0,0,0,0,8820,561,1,-0.1,0,0,0,0,0,-25.3539932,131.0334356,9
6.35,RIDING,0.0806,31.6,70%,3.02,3.02,82.7,1,-2.8,28,21.6,0,4.1,1,0,1,37.6,39.1,0,0,0,0,0,8990,560,1,0.1,0,0,0,0,0,-25.3539205,131.0334088,9
6.47,RIDING,0.0827,32.2,72%,3.02,3.02,82.7,0.7,1.1,28.8,22.4,0,0.5,0.6,0,0.6,37.8,39,0,0,0,0,0,9161,561,1,0.4,0,0,0,0,0,-25.353843,131.0333981,9
6.56,RIDING,0.0848,32.8,73%,3.02,3.02,82.7,0.2,3.4,29.2,22.8,0,4.5,0.2,0,0.2,37.8,39,0,0,0,0,0,9332,562,1,0.3,0,0,0,0,0,-25.3537412,131.0333766,9
6.65,RIDING,0.087,33.3,74%,3,3.02,82.7,0.3,3.9,29.6,23.2,0,11.9,0.4,0,0.4,37.9,38.9,0,0,0,0,0,9474,564,1,0,0,0,0,0,0,-25.3536806,131.0333659,9
6.77,RIDING,0.0892,33.9,75%,3,3,82.7,0.7,3.1,30,24,0,7.6,0.8,0,0.8,38,38.7,0,0,0,0,0,9645,565,1,0,0,0,0,0,0,-25.3536054,131.0333525,9
6.89,RIDING,0.0914,34.4,76%,3,3,82.6,1.5,1.9,30.4,24.4,0,3.2,1.4,-0.2,1.4,38.1,38.6,0,0,0,0,0,9787,566,1,0.9,0,0,0,0,0,-25.3534745,131.0333686,9
6.98,RIDING,0.0936,35,78%,3.02,3.02,82.6,1.4,1.6,31.2,24.8,0,1.8,1.4,-0.2,1.4,38.2,38.6,0,0,0,0,0,9958,567,1,1.4,0,0,0,0,0,-25.3533582,131.03339,9
7.1,RIDING,0.0959,35.5,79%,3.02,3.02,82.6,1.2,0,31.6,25.6,0,-0.3,1,-0.2,1,38.3,38.5,0,0,0,0,0,10100,568,1,1.7,0,0,0,0,0,-25.3532782,131.0334035,9
7.22,RIDING,0.0982,36.1,80%,3.02,3.02,82.6,0.9,0,32,26,0,2.7,0.8,-0.2,0.8,38.4,38.4,0,0,0,0,0,10270,567,1,1.6,0,0,0,0,0,-25.35322,131.0334169,9
7.34,RIDING,0.1005,36.7,82%,3.02,3.02,82.6,0.9,0,32.8,26.4,0,1.8,0.8,0,0.8,38.6,38.3,0,0,0,0,0,10441,566,1,1.6,0,0,0,0,0,-25.3531837,131.0334571,9
7.43,RIDING,0.1028,37.2,83%,3.02,3.02,82.5,0.8,-1.5,33.2,27.2,0,0.2,0.6,0,0.6,38.6,38.2,0,0,0,0,0,10583,564,1,1.6,0,0,0,0,0,-25.3531497,131.0334947,9
7.55,RIDING,0.1052,37.8,84%,3.02,3.02,82.5,0.3,-3.9,33.6,27.6,0,5.3,0.2,0,0.2,38.7,38.2,0,0,0,0,0,10754,563,1,1.3,0,0,0,0,0,-25.3531231,131.0335107,9
7.64,RIDING,0.1076,38.3,85%,3.02,3.02,82.5,0,-5.1,34,28,0,7.9,0,0,0,38.8,38.1,0,0,0,0,0,10896,562,1,0.8,0,0,0,0,0,-25.3530843,131.0335403,9
7.76,RIDING,0.11,38.9,86%,3.02,3.02,82.5,0,-6.2,34.4,28.8,0,6.8,0,0,0,38.9,37.9,0,0,0,0,0,11067,561,1,0.4,0,0,0,0,0,-25.3529995,131.0335805,9
7.85,RIDING,0.1124,39.4,88%,3.02,3.02,82.5,-0.2,-8.8,35.2,29.2,0,11,0,0,0,39,37.8,0,0,0,0,0,11209,560,1,0,0,0,0,0,0,-25.352888,131.0336395,9
7.97,RIDING,0.1149,40,89%,3,3,82.4,-0.1,-8.2,35.6,29.6,0,14.9,0.2,0,0.2,39.1,37.8,0,0,0,0,0,11380,561,1,-0.2,0,0,0,0,0,-25.3528419,131.0336341,9
8.06,RIDING,0.1174,39.5,88%,3.02,3.02,82.4,0.4,-2.3,35.2,30,0,9.2,0.6,0,0.6,39,37.7,0,0,0,0,0,11238,563,1,0,0,0,0,0,0,-25.3527983,131.0336127,9
8.19,RIDING,0.1199,39,87%,3,3,82.4,0.5,6.9,34.8,30.4,0,1.5,0.4,0,0.4,39,37.6,0,0,0,0,0,11096,564,1,0.5,0,0,0,0,0,-25.3527425,131.0335698,9
8.3,RIDING,0.1224,38.5,86%,3,3,82.4,-0.1,4.3,34.4,31.2,0,12.7,0,0,0,38.9,37.5,0,0,0,0,0,10953,566,1,0.4,0,0,0,0,0,-25.3526625,131.0334759,9
8.42,RIDING,0.1249,38,84%,3.02,3.02,82.4,0,-4.5,33.6,31.6,0,8.3,0,0,0,38.7,37.4,0,0,0,0,0,10811,568,1,0.3,0,0,0,0,0,-25.3525947,131.0334061,9
8.54,RIDING,0.1275,37.5,83%,3.02,3.02,82.3,-0.3,-7.7,33.2,32,0,16.3,0,0,0,38.6,37.4,0,0,0,0,0,10669,567,1,-0.6,0,0,0,0,0,-25.3524565,131.0333632,9
8.63,RIDING,0.1301,37,82%,3.02,3.02,82.3,0,-6.7,32.8,32.8,0,15.6,0.2,0,0.2,38.6,37.3,0,0,0,0,0,10527,565,1,-0.9,0,0,0,0,0,-25.3523305,131.033382,9
8.72,RIDING,0.1327,36.5,81%,3.02,3.02,82.3,0.3,-6.4,32.4,33.2,0,16.5,0.6,0,0.6,38.5,37.1,0,0,0,0,0,10384,563,1,-1,0,0,0,0,0,-25.3522771,131.0333766,9
8.81,RIDING,0.1353,36,80%,3.02,3.02,82.3,0.7,-5.5,32,33.6,0,15.1,1,0,1,38.4,37,0,0,0,0,0,10242,562,1,-0.9,0,0,0,0,0,-25.3522068,131.0333391,9
8.93,RIDING,0.138,35.5,79%,3.02,3.02,82.3,1.3,-3.9,31.6,34,0,7.9,1.4,0,1.4,38.3,37,0,0,0,0,0,10100,561,1,-0.4,0,0,0,0,0,-25.3521511,131.0333042,9
9.02,RIDING,0.1407,35,78%,3,3,82.2,1.3,-2.5,31.2,34.4,0,-2.6,1,-0.2,1.2,38.2,36.9,0,0,0,0,0,9958,560,1,0.3,0,0,0,0,0,-25.3521075,131.0332345,9
9.14,RIDING,0.1434,34.5,77%,3.02,3.02,82.2,1.2,-3.3,30.8,35.2,0,-8.3,0.6,-0.2,0.8,38.2,36.8,0,0,0,0,0,9815,565,1,0.9,0,0,0,0,0,-25.3520905,131.0331808,9
9.23,RIDING,0.1461,34,76%,3.02,3.02,82.2,0.8,-3.4,30.4,35.6,0,-6.3,0.4,-0.4,0.6,38.1,36.7,0,0,0,0,0,9673,565,1,1.4,0,0,0,0,0,-25.3520687,131.0331218,9
9.41,RIDING,0.1489,33.5,74%,3.02,3,82.2,0.3,-2.2,29.6,35.2,0,-3.9,0,-0.2,0,37.9,36.6,0,0,0,0,0,9531,566,1,1.6,0,0,0,0,0,-25.3520396,131.0330977,9
9.53,RIDING,0.1517,33,73%,3.02,3.02,82.2,0.1,-0.3,29.2,34.8,0,3.5,-0.2,-0.2,0,37.8,36.6,0,0,0,0,0,9389,568,1,1.1,0,0,0,0,0,-25.3520541,131.033036,9
9.62,RIDING,0.1545,32.5,72%,3.02,3.02,82.1,0.1,0.6,28.8,34.4,0,1,0,0,0,37.8,36.5,0,0,0,0,0,9246,571,1,0.8,0,0,0,0,0,-25.3520687,131.0329609,9
9.74,RIDING,0.1573,32,71%,3.02,3.02,82.1,0.1,2.1,28.4,33.6,0,-0.7,0,0,0,37.7,36.3,0,0,0,0,0,9104,574,1,0.7,0,0,0,0,0,-25.3520517,131.0329528,9
9.83,RIDING,0.1602,31.5,70%,3.02,3.02,82.1,-0.2,3.7,28,33.2,0,1.3,-0.4,-0.4,0,37.6,36.2,0,0,0,0,0,8962,578,1,0.6,0,0,0,0,0,-25.3520226,131.0329207,9
9.92,RIDING,0.1631,31,69%,3.02,3.02,82.1,0,5.3,27.6,32.8,0,5.8,-0.2,-0.2,0,37.5,36.2,0,0,0,0,0,8820,585,1,0.5,0,0,0,0,0,-25.3520178,131.0328938,9
10.01,RIDING,0.166,30.5,68%,3.02,3.02,82.1,0.1,6.9,27.2,32.4,0,6.1,0.2,-0.2,0.2,37.4,36.1,0,0,0,0,0,8677,589,1,0.5,0,0,0,0,0,-25.3520081,131.0328482,9
10.1,RIDING,0.1689,30,67%,3.02,3.02,82,1,8.2,26.8,32,0,6.3,0.6,-0.2,0.6,37.4,36,0,0,0,0,0,8535,591,1,0.6,0,0,0,0,0,-25.3519669,131.0327544,14
10.19,RIDING,0.1718,29.5,66%,3.02,3.02,82,2,8.3,26.4,31.6,0,6.7,0.8,-0.2,0.8,37.3,35.9,0,0,0,0,0,8393,592,1,0.8,0,0,0,0,0,-25.3518675,131.0326632,14
10.31,RIDING,0.1748,29,64%,3.02,3.02,82,3,4.8,25.6,31.2,0,5.1,1.4,0,1.4,37.1,35.8,0,0,0,0,0,8251,599,1,1.3,0,0,0,0,0,-25.3517778,131.0326015,14
10.4,RIDING,0.1778,28.5,63%,3.02,3.02,82,3,1.7,25.2,30.8,0,4.2,1.4,0,1.4,37,35.8,0,0,0,0,0,8108,604,1,1.7,0,0,0,0,0,-25.351693,131.0325505,14
10.52,RIDING,0.1808,28,62%,3.02,3.02,82,3,0.1,24.8,30.4,0,0.8,1.2,0,1.2,37,35.7,0,0,0,0,0,7966,611,1,2.1,0,0,0,0,0,-25.3516372,131.032521,14
10.64,RIDING,0.1839,27.5,61%,3.02,3.02,81.9,3,-0.2,24.4,29.6,0,5.1,0.8,0,0.8,36.9,35.5,0,0,0,0,0,7824,619,1,2,0,0,0,0,0,-25.3516081,131.0324835,14
10.73,RIDING,0.187,27,60%,3.02,3.02,81.9,3,-1,24,29.2,0,7.7,0.4,0,0.4,36.8,35.4,0,0,0,0,0,7682,626,1,1.4,0,0,0,0,0,-25.3515863,131.0324459,14
10.82,RIDING,0.1901,26.5,59%,3.02,3.02,81.9,3,-2.2,23.6,28.8,0,9.1,0,0,0,36.7,35.4,0,0,0,0,0,7539,628,1,0.7,0,0,0,0,0,-25.3515645,131.0323842,14
10.91,RIDING,0.1932,26,58%,3.02,3.02,81.9,3,-3.6,23.2,28.4,0,11.9,0,0,0,36.6,35.3,0,0,0,0,0,7397,629,1,0.1,0,0,0,0,0,-25.351533,131.0322823,14
11,RIDING,0.1963,25.5,57%,3.02,3.02,81.9,3,-4.7,22.8,28,0,9.2,0,0,0,36.6,35.2,0,0,0,0,0,7255,631,1,-0.2,0,0,0,0,0,-25.3514942,131.0322099,14
11.12,RIDING,0.1995,25,56%,3.02,3.02,81.8,3,-5.3,22.4,27.6,0,11,0,0,0,36.5,35.1,0,0,0,0,0,7113,634,1,-0.6,0,0,0,0,0,-25.3513973,131.032108,14
11.27,RIDING,0.2027,24.5,54%,3.02,3.02,81.8,3,-5.8,21.6,27.2,0,10.2,0,0,0,36.3,35,0,0,0,0,0,6970,639,1,-0.9,0,0,0,0,0,-25.3513779,131.0320409,14
11.39,RIDING,0.2059,24,53%,3.02,3.02,81.8,3,-6.6,21.2,26.8,0,13.6,0,0,0,36.2,35,0,0,0,0,0,6828,645,1,-1.1,0,0,0,0,0,-25.3513803,131.0318746,14
11.48,RIDING,0.2091,23.5,52%,3.02,3.02,81.8,3,-6,20.8,26.4,0,17.1,0.4,0,0.4,36.2,34.9,0,0,0,0,0,6686,644,1,-1.2,0,0,0,0,0,-25.3513827,131.0317539,14
11.6,RIDING,0.2124,23,51%,3.02,3.02,81.8,3,-4.6,20.4,25.6,0,14.9,1,0,1,36.1,34.7,0,0,0,0,0,6544,647,1,-1.3,0,0,0,0,0,-25.3513585,131.0316627,14
11.69,WHEELSLIP,0.2157,22.5,50%,3.02,3.02,81.7,4,-4,20,25.2,0,12.4,1.2,0,1.2,36,34.6,0,0,0,0,0,6401,650,3,-1.1,0,0,0,0,0,-25.3513027,131.0315661,14
11.78,RIDING,0.219,22,49%,3.02,3.02,81.7,4,-3.9,19.6,24.8,2,6.6,0.8,0,0.8,35.9,34.6,0,0,0,0,0,6259,655,1,-0.9,0,0,0,0,0,-25.3512397,131.031491,14
11.9,RIDING,0.2223,21.5,48%,3,3,81.7,4,-4,19.2,24.4,0,4.7,0.6,0,0.6,35.8,34.5,0,0,0,0,0,6117,659,1,-0.7,0,0,0,0,0,-25.351184,131.031432,14
12.02,RIDING,0.2256,21,47%,3,3.02,81.7,5,-3.3,18.8,24,0,0.9,0,0,0,35.8,34.4,0,0,0,0,0,5975,660,1,-0.3,0,0,0,0,0,-25.3511088,131.0313596,14
12.11,RIDING,0.229,20.5,46%,3,3.02,81.7,5,-2,18.4,23.6,0,6.8,0,0,0,35.7,34.3,0,0,0,0,0,5832,662,1,-0.1,0,0,0,0,0,-25.351007,131.031306,8
12.23,RIDING,0.2324,20,44%,3.02,3.02,81.6,4,0.5,17.6,23.2,0,9.7,0,0,0,35.5,34.2,0,0,0,0,0,5690,666,1,-0.2,0,0,0,0,0,-25.3508858,131.0312282,8
12.35,RIDING,0.2358,19.5,43%,3,3.02,81.6,4,2.4,17.2,22.8,0,15.8,0,0,0,35.4,34.2,0,0,0,0,0,5548,668,1,-0.9,0,0,0,0,0,-25.3508592,131.0312067,8
12.44,RIDING,0.2392,19,42%,3.02,3.02,81.6,3,3.2,16.8,22.4,0,11,0.4,0,0.4,35.4,34.1,0,0,0,0,0,5406,673,1,-1.1,0,0,0,0,0,-25.3508349,131.0311531,8
12.54,RIDING,0.2426,18.5,41%,3.02,3.02,81.6,3,3.4,16.4,21.6,0,0.8,0.6,-0.2,0.8,35.3,33.9,0,0,0,0,0,5263,674,1,-0.3,0,0,0,0,0,-25.3508155,131.0311182,8
12.62,RIDING,0.2461,18,40%,3.02,3.02,81.6,3,2.8,16,21.2,0,-4.9,0.8,-0.4,1,35.2,33.8,0,0,0,0,0,5121,675,1,0.8,0,0,0,0,0,-25.3507864,131.031078,8
12.71,RIDING,0.2496,17.5,39%,3.02,3.02,81.5,4,2,15.6,20.8,0,-3.4,1.4,-0.2,1.4,35.1,33.8,0,0,0,0,0,4979,678,1,2,0,0,0,0,0,-25.3507307,131.031027,8
12.81,RIDING,0.2531,17,38%,3.02,3.02,81.5,4,0.3,15.2,20.4,0,-6.3,1,-0.2,1,35,33.7,0,0,0,0,0,4837,682,1,2.7,0,0,0,0,0,-25.3506943,131.0310163,8
12.9,RIDING,0.2566,16.5,37%,3.02,3.02,81.5,3,-2.9,14.8,20,0,-5.4,0.8,-0.2,0.8,35,33.6,0,0,0,0,0,4694,688,1,2.9,0,0,0,0,0,-25.3506362,131.0310109,8
13.02,RIDING,0.2601,16,36%,3.02,3.02,81.5,4,-4.5,14.4,19.6,0,3.3,0.2,-0.2,0.2,34.9,33.5,0,0,0,0,0,4552,694,1,2.5,0,0,0,0,0,-25.3505392,131.0309734,8
13.14,RIDING,0.2636,15.5,34%,3.02,3.02,81.5,4,-4.4,13.6,19.2,0,10.2,0.4,0,0.4,34.7,33.4,0,0,0,0,0,4410,699,1,1.9,0,0,0,0,0,-25.3504228,131.0309251,8
13.26,RIDING,0.2672,15,33%,3.02,3.02,81.4,4,-4.1,13.2,18.8,0,13.4,1,0,1,34.6,33.4,0,0,0,0,0,4268,702,1,1.2,0,0,0,0,0,-25.3502677,131.0308634,8
13.35,RIDING,0.2708,14.5,32%,3.02,3.02,81.4,3,-2,12.8,18.4,0,10,0.6,0,0.6,34.6,33.3,0,0,0,0,0,4125,704,1,0.6,0,0,0,0,0,-25.3501465,131.0308151,8
13.47,RIDING,0.2744,14,31%,3.02,3.02,81.4,3,0.4,12.4,17.6,0,7.2,0.2,0,0.2,34.5,33.1,0,0,0,0,0,3983,705,1,0.2,0,0,0,0,0,-25.3499372,131.0305995,8
13.56,RIDING,0.278,13.5,30%,3.02,3.02,81.4,3,0.1,12,17.2,0,11.1,0,0,0,34.4,33,0,0,0,0,0,3841,703,1,0,0,0,0,0,0,-25.3497433,131.0301274,8
13.65,RIDING,0.2817,13,29%,3.02,3.02,81.4,3,-0.2,11.6,16.8,0,7.2,-0.2,-0.2,0,34.3,33,0,0,0,0,0,3699,709,1,0,0,0,0,0,0,-25.3496075,131.0297626,8
13.79,RIDING,0.2854,12.5,28%,3.02,3.02,81.3,4,-1.8,11.2,16.4,0,4.4,0,-0.2,0,34.2,32.9,0,0,0,0,0,3556,714,1,0,0,0,0,0,0,-25.3494912,131.0292476,8
13.91,RIDING,0.2891,12,27%,0.06,3.02,81.3,3,-2.2,10.8,16,0,10.4,0,0,0,34.2,32.8,0,0,0,0,0,3414,718,1,-0.4,0,0,0,0,0,-25.3492003,131.0288829,8
14,RIDING,0.2928,11.5,26%,0.06,3.02,81.3,3,-2,10.4,15.6,0,5.3,0,0,0,34.1,32.7,0,0,0,0,0,3272,722,1,-0.6,0,0,0,0,0,-25.3488319,131.0286468,8
14.09,RIDING,0.2965,11,24%,0.06,3.02,81.3,3,-3.2,9.6,15.2,0,5.8,-0.2,-0.2,0,33.9,32.6,0,0,0,0,0,3130,728,1,-0.8,0,0,0,0,0,-25.3484828,131.0284537,8
14.18,RIDING,0.3003,10.5,23%,3.02,3.02,81.3,2,-5.4,9.2,14.8,0,3.1,-0.2,-0.2,0,33.8,32.6,0,0,0,0,0,2987,733,1,-0.9,0,0,0,0,0,-25.347998,131.0283679,8
14.27,RIDING,0.3041,10,22%,3.02,3.02,81.2,2,-5.7,8.8,14.4,0,0.5,-0.2,-0.2,0,33.8,32.5,0,0,0,0,0,2845,737,1,-0.6,0,0,0,0,0,-25.3477847,131.028325,8
14.36,RIDING,0.3079,9.5,21%,3.02,3.02,81.2,2,-4.8,8.4,13.6,0,-0.4,0.2,-0.2,0.2,33.7,32.3,0,0,0,0,0,2703,739,1,-0.3,0,0,0,0,0,-25.347552,131.0283035,8
14.45,RIDING,0.3117,9,20%,3.02,3.02,81.2,3,-3.8,8,13.2,0,-1,0.2,-0.4,0.6,33.6,32.2,0,0,0,0,0,2561,742,1,-0.1,0,0,0,0,0,-25.3471254,131.028325,8
14.54,RIDING,0.3155,8.5,19%,3.02,3.02,81.2,3,-4.2,7.6,12.8,0,-3.6,-0.4,-0.8,0.2,33.5,32.2,0,0,0,0,0,2418,745,1,-0.1,0,0,0,0,0,-25.3467957,131.0283679,8
14.63,RIDING,0.3193,8,18%,3.02,3.02,81.2,3,-5.1,7.2,12.4,0,-0.6,-0.6,-0.6,0,33.4,32.1,0,0,0,0,0,2276,749,1,-0.1,0,0,0,0,0,-25.3464273,131.0284966,8
14.75,RIDING,0.3232,7.5,17%,3.02,3.02,81.1,4,-5.9,6.8,12,0,-3.3,0,-0.4,0.2,33.4,32,0,0,0,0,0,2134,758,1,0.2,0,0,0,0,0,-25.3461752,131.0285825,8
14.84,RIDING,0.3271,7,16%,3.02,3.02,81.1,4,-6,6.4,11.6,0,-3.9,0,-0.8,0.8,33.3,32.1,0,0,0,0,0,1992,763,1,0.6,0,0,0,0,0,-25.345768,131.0287541,8
14.96,RIDING,0.331,6.5,14%,3.02,3.02,81.1,3,-5.8,5.6,11.2,0,-2.1,0.4,-0.8,1.2,33.1,32.2,0,0,0,0,0,1849,768,1,0.9,0,0,0,0,0,-25.3455159,131.0289258,8
15.08,RIDING,0.3349,6,13%,3.02,3.02,81.1,3,-6,5.2,10.8,0,-4.7,0.8,-1,1.6,33,32.2,0,0,0,0,0,1707,774,1,1.5,0,0,0,0,0,-25.3452444,131.029312,8
15.17,RIDING,0.3388,5.5,12%,3.02,3.02,81.1,3,-4.5,4.8,10.4,0,1.6,1,-0.8,1.6,33,32.3,0,0,0,0,0,1565,778,1,1.5,0,0,0,0,0,-25.3450892,131.029591,8
15.26,RIDING,0.3427,5,11%,3.02,3.02,81,3,-0.5,4.4,9.6,0,1.2,1,-0.4,1.4,32.9,32.5,0,0,0,0,0,1423,781,1,1.4,0,0,0,0,0,-25.3447983,131.0298699,8
15.35,RIDING,0.3467,4.5,10%,3.02,3.02,81,4,3.6,4,9.2,0,-5.2,0.6,-0.4,1,32.8,32.6,0,0,0,0,0,1280,783,1,1.1,0,0,0,0,0,-25.3445268,131.0301274,8
15.47,RIDING,0.3507,4,9%,3,3.02,81,3,0.9,3.6,8.8,0,-7.2,0,-1,0.8,32.7,32.6,0,0,0,0,0,1138,787,1,0.7,0,0,0,0,0,-25.344139,131.030342,8
15.59,RIDING,0.3547,3.5,8%,3.02,3.02,81,3,0.3,3.2,8.4,0,-12.1,-0.8,-1.4,0.6,32.6,32.7,0,0,0,0,0,996,790,1,0.3,0,0,0,0,0,-25.3439257,131.0305351,8
15.71,RIDING,0.3587,3,7%,3.02,3.02,81,3,1.5,2.8,8,0,-5.7,-1,-1.8,0.8,32.6,32.8,0,0,0,0,0,854,793,1,-0.3,0,0,0,0,0,-25.3436154,131.0309428,8
15.8,RIDING,0.3627,2.5,6%,3.02,3.02,80.9,2,0.2,2.4,7.6,0,-11.7,-0.8,-1.8,0.8,32.5,32.9,0,0,0,0,0,711,798,1,-0.5,0,0,0,0,0,-25.3434797,131.0311574,8
15.89,RIDING,0.3667,2,4%,3.02,3.02,80.9,2,-0.4,1.6,7.2,3.3,-14.5,-1.4,-2,0.4,32.3,33,0,0,0,0,0,569,799,1,-0.7,0,0,0,0,0,-25.3432082,131.0316509,8
15.98,RIDING,0.3708,1.5,3%,3.02,3.02,80.9,2,-0.4,1.2,6.8,0,-16.5,-2,-2.2,0,32.2,33,0,0,0,0,0,427,800,1,-1,0,0,0,0,0,-25.3431306,131.032123,8
16.1,RIDING,0.3749,1,2%,3.02,3.02,80.9,2,-0.8,0.8,6.4,0,-6.8,-1.8,-2,0,32.2,33.1,0,0,0,0,0,285,803,1,-1.5,0,0,0,0,0,-25.3433245,131.0326165,8
16.19,RIDING,0.379,0.5,1%,3.02,3.02,80.9,1,-0.3,0.4,5.6,0,-8.5,-1.8,-1.8,0,32.1,33.3,0,0,0,0,0,142,803,1,-1.7,0,0,0,0,0,-25.3436736,131.0328954,8
16.31,RIDING,0.3831,0,0%,3.02,3.02,80.8,1,-0.1,0,5.2,0,-3.4,-2,-2,0,32,33.4,0,0,0,0,0,0,806,1,-2,0,0,0,0,0,-25.3438675,131.0330242,8
16.4,RIDING,0.3872,0.5,1%,3.02,3.02,80.8,1,-1.9,0.4,4.8,0,-5.9,-1.8,-1.8,0,32.1,33.4,0,0,0,0,0,142,809,1,-1.9,0,0,0,0,0,-25.3441584,131.0332602,8
16.52,RIDING,0.3913,1,2%,3.02,3.02,80.8,0,-2.7,0.8,4.4,0,-12.2,-1.6,-1.6,0,32.2,33.5,0,0,0,0,0,285,801,1,-1.5,0,0,0,0,0,-25.3444687,131.0337323,8
16.68,RIDING,0.3954,1.5,3%,3.02,3.02,80.8,-1.3,-4.3,1.2,4,2,-20.2,-2,-2,0,32.2,33.6,0,0,0,0,0,427,804,1,-1.2,0,0,0,0,0,-25.3446044,131.0343331,8
16.79,RIDING,0.3996,2,4%,3.02,3.02,80.8,-1.6,-4.5,1.6,3.6,2.3,-11.3,-2,-2,0,32.3,33.7,0,0,0,0,0,569,807,1,-1.3,0,0,0,0,0,-25.3446044,131.0348052,8
16.91,RIDING,0.4038,2.5,6%,3.02,3.02,80.7,-1.2,-1.8,2.4,3.2,2,-15.8,-1.8,-2,0,32.5,33.8,0,0,0,0,0,711,800,1,-1.5,0,0,0,0,0,-25.344585,131.0352773,8
17.03,RIDING,0.408,3,7%,3.02,3.02,80.7,-1.8,-1.3,2.8,2.8,2,-14.1,-2.4,-2.4,0,32.6,33.8,0,0,0,0,0,854,808,1,-2.6,0,0,0,0,0,-25.3443523,131.0358137,8
17.15,RIDING,0.4122,3.5,8%,3.02,3.02,80.7,-2.2,-2.4,3.2,2.4,0,-29.2,-3,-3,0,32.6,33.9,0,0,0,0,0,996,802,1,-2.4,-0.4,0,0,0,0,-25.3440226,131.0361141,8
17.27,RIDING,0.4165,4,9%,3.02,3.02,80.7,-2.5,-3.3,3.6,1.6,3.3,-25.8,-3.2,-3.2,0,32.7,34.1,0,0,0,0,0,1138,805,1,-2,-0.4,0,0,0,0,-25.3433439,131.0362858,8
17.36,RIDING,0.4208,4.5,10%,3.02,3.02,80.7,-2.5,-2.6,4,1.2,0,-18.6,-3,-3,0,32.8,34.2,0,0,0,0,0,1280,810,1,-1.8,-0.4,0,0,0,0,-25.34315,131.0361785,8
17.48,RIDING,0.4251,5,11%,3.02,3.02,80.6,-2.1,-3.4,4.4,0.8,0,-23.4,-2.8,-2.8,0,32.9,34.2,0,0,0,0,0,1423,804,1,-1.9,-0.2,0,0,0,0,-25.3428591,131.035921,8
17.57,RIDING,0.4294,5.5,12%,3.02,3.02,80.6,-2.5,-3.7,4.8,0.4,0,-27.6,-3.2,-3.2,0,33,34.3,0,0,0,0,0,1565,803,1,-2,-0.4,0,0,0,0,-25.3428009,131.0354918,8
17.69,RIDING,0.4337,6,13%,3.02,3.02,80.6,-2.8,-2.9,5.2,0,0,-15.3,-3.2,-3.2,0,33,34.4,0,0,0,0,0,1707,806,1,-2.3,-0.2,0,0,0,0,-25.3429561,131.0352987,8
17.78,RIDING,0.438,6.5,14%,3,3,80.6,-2.5,-2.3,5.6,0.4,2.3,-21,-3,-3,0,33.1,34.5,0,0,0,0,0,1849,809,1,-2.2,0,0,0,0,0,-25.3432469,131.0352343,8
17.9,RIDING,0.4424,7,16%,3.02,3.02,80.6,-2.5,-2,6.4,0.8,0,-21.7,-3,-3,0,33.3,34.6,0,0,0,0,0,1992,802,1,-2,-0.2,0,0,0,0,-25.3434603,131.035406,8
17.99,RIDING,0.4468,7.5,17%,3.02,3,80.5,-2.4,-3.4,6.8,1.2,2.3,-23.9,-3,-3,0,33.4,34.6,0,0,0,0,0,2134,800,1,-2.2,-0.2,0,0,0,0,-25.3434603,131.035406,8
18.11,RIDING,0.4512,8,18%,3,3,80.5,-2.1,-3.5,7.2,1.6,0,-30.2,-2.8,-3.4,0.4,33.4,34.7,0,0,0,0,0,2276,807,1,-2,-0.4,0,0,0,0,-25.343596,131.0357064,8
18.2,RIDING,0.4556,8.5,19%,3.02,3,80.5,-2.8,-3.5,7.6,2.4,0,-23.7,-3.2,-3.6,0.2,33.5,34.9,0,0,0,0,0,2418,810,1,-2.1,-0.8,0,0,0,0,-25.343596,131.0360283,8
18.29,RIDING,0.46,9,20%,3.02,3.02,80.5,-2.2,-3.8,8,2.8,2.7,-36.4,-3,-3.4,0.4,33.6,35,0,0,0,0,0,2561,805,1,-1.9,-0.4,0,0,0,0,-25.3434797,131.0365218,8
18.38,RIDING,0.4644,9.5,21%,3.02,3,80.5,-2.6,-2.3,8.4,3.2,0,-29.4,-3.2,-3.6,0.2,33.7,35,0,0,0,0,0,2703,801,1,-1.7,-0.8,0,0,0,0,-25.3432663,131.0367149,8
18.47,RIDING,0.4689,10,22%,3.02,3,80.4,-2.4,0,8.8,3.6,2,-24.8,-2.8,-3.4,0.4,33.8,35.1,0,0,0,0,0,2845,804,1,-1.5,-0.6,0,0,0,0,-25.3428979,131.0372514,8
18.56,RIDING,0.4734,10.5,23%,3.02,3.02,80.4,-2.3,0.8,9.2,4,0,-25.2,-2.8,-3.2,0.2,33.8,35.2,0,0,0,0,0,2987,808,1,-1.6,-0.4,0,0,0,0,-25.3427427,131.0375732,8
18.68,RIDING,0.4779,11,24%,3,3,80.4,-2.8,1,9.6,4.4,2.7,-26.6,-3.4,-3.4,0,33.9,35.3,0,0,0,0,0,3130,802,1,-1.8,-0.6,0,0,0,0,-25.3425488,131.038217,8
18.77,RIDING,0.4824,11.5,26%,3.02,3.02,80.4,-2.9,1.6,10.4,4.8,3,-21.4,-3.4,-3.4,0,34.1,35.4,0,0,0,0,0,3272,803,1,-2,-0.4,0,0,0,0,-25.3425294,131.0388178,8
18.86,RIDING,0.4869,12,27%,3.02,3.02,80.4,-2.9,2.6,10.8,5.2,2.3,-28.1,-3.4,-3.4,0,34.2,35.4,0,0,0,0,0,3414,809,1,-2.4,-0.4,0,0,0,0,-25.3425876,131.0393542,8
18.98,RIDING,0.4914,12.5,28%,3.02,3.02,80.3,-3.3,3.6,11.2,5.6,3.7,-23.4,-3.8,-3.8,0,34.2,35.5,0,0,0,0,0,3556,805,1,-2.8,-0.4,0,0,0,0,-25.342607,131.0401267,8
19.07,RIDING,0.4959,13,29%,3,3,80.3,-3.3,3.3,11.6,6.4,0,-23,-3.6,-3.6,0,34.3,35.7,0,0,0,0,0,3699,793,1,-3.1,-0.4,0,0,0,0,-25.3427815,131.040749,8
19.16,RIDING,0.5004,13.5,30%,3,3,80.3,-3.3,3,12,6.8,3,-21.9,-3.6,-3.6,0,34.4,35.8,0,0,0,0,0,3841,780,1,-3.2,-0.2,0,0,0,0,-25.3429948,131.0413712,8
19.25,RIDING,0.5049,14,31%,3,3,80.3,-3.2,2,12.4,7.2,0,-19.2,-3.4,-3.4,0,34.5,35.8,0,0,0,0,0,3983,775,1,-3.2,-0.2,0,0,0,0,-25.3431888,131.0418862,8
19.37,RIDING,0.5095,14.5,32%,3,3.02,80.3,-3,1.3,12.8,7.6,2.3,-23.8,-3.4,-3.4,0,34.6,35.9,0,0,0,0,0,4125,762,1,-3,-0.2,0,0,0,0,-25.3433245,131.0421866,8
19.46,RIDING,0.5141,15,33%,3.02,3.02,80.2,-2.9,2.3,13.2,8,3.7,-24.8,-3.2,-3.2,0,34.6,36,0,0,0,0,0,4268,755,1,-2.8,-0.4,0,0,0,0,-25.3435184,131.0427445,8
19.55,RIDING,0.5187,15.5,34%,3,3,80.2,-3,3.2,13.6,8.4,2.3,-23.9,-3.4,-3.4,0,34.7,36.1,0,0,0,0,0,4410,740,1,-2.8,-0.4,0,0,0,0,-25.3437705,131.0433239,8
19.67,RIDING,0.5233,16,36%,3,3,80.2,-3,2.8,14.4,8.8,2.3,-20.8,-3.4,-3.4,0,34.9,36.2,0,0,0,0,0,4552,735,1,-2.9,-0.2,0,0,0,0,-25.3440808,131.0439676,8
20.16,RIDING,0.5279,16.5,37%,3.02,3.02,80.2,-3.1,3,14.8,9.2,0,-26.2,-3.4,-3.4,0,35,36.2,0,0,0,0,0,4694,720,1,-3,-0.4,0,0,0,0,-25.3443523,131.0447186,8
20.27,RIDING,0.5325,17,38%,3.02,3,80.2,-3.4,0.6,15.2,9.6,4,-36,-4,-4,0,35,36.3,0,0,0,0,0,4837,715,1,-3.1,-0.8,0,0,0,0,-25.3445075,131.0453194,8
20.36,RIDING,0.5371,17.5,39%,3.02,3.02,80.1,-3.6,0.2,15.6,10.4,2.3,-38.7,-4.4,-4.4,0,35.1,36.5,0,0,0,0,0,4979,702,1,-3,-1.2,0,0,0,0,-25.3447789,131.0459203,8
20.45,RIDING,0.5417,18,40%,3.02,3.02,80.1,-3.6,0,16,10.8,2.7,-37.5,-4.2,-4.2,0,35.2,36.6,0,0,0,0,0,5121,690,1,-3,-1.2,0,0,0,0,-25.345128,131.0466284,8
20.54,RIDING,0.5463,18.5,41%,3.02,3.02,80.1,-3.7,0.2,16.4,11.2,3,-45.6,-4.4,-4.4,0,35.3,36.6,0,0,0,0,0,5263,685,1,-2.7,-1.4,0,0,0,0,-25.3453607,131.0472077,8
20.63,RIDING,0.5509,19,42%,3.02,3.02,80.1,-3.7,0.6,16.8,11.6,0,-41,-4.4,-4.4,0,35.4,36.7,0,0,0,0,0,5406,672,1,-2.5,-1.4,0,0,0,0,-25.3455352,131.0475725,8
20.72,RIDING,0.5555,19.5,43%,3.02,3.02,80.1,-3.6,0.4,17.2,12,0,-38.5,-4.2,-4.2,0,35.4,36.8,0,0,0,0,0,5548,660,1,-2.4,-1.2,0,0,0,0,-25.3459037,131.0485595,8
20.81,RIDING,0.5601,20,44%,3.02,3.02,80,-3.3,-0.1,17.6,12.4,3.7,-40.1,-4,-4,0,35.5,36.9,0,0,0,0,0,5690,650,1,-2.3,-1,0,0,0,0,-25.346214,131.0489243,8
20.9,RIDING,0.5647,20.5,46%,3,3,80,-4.1,-0.1,18.4,12.8,0,-13.6,-4.2,-4.2,0,35.7,37,0,0,0,0,0,5832,638,1,-2.5,-1.2,0,0,0,0,-25.3466406,131.0492891,8
20.99,RIDING,0.5693,21,47%,3,3,80,-3.6,-1.8,18.8,13.2,2.3,-33.2,-4,-4,0,35.8,37,0,0,0,0,0,5975,620,1,-2.2,-0.6,0,0,0,0,-25.3469315,131.0498899,8
21.08,RIDING,0.5739,21.5,48%,3,3,80,-3.5,-2.4,19.2,13.6,0,-31.1,-3.8,-3.8,0,35.8,37.1,0,0,0,0,0,6117,590,1,-1.6,-0.8,0,0,0,0,-25.3473387,131.0505337,8
21.17,RIDING,0.5785,22,49%,3,3,80,-3.1,-2.5,19.6,14.4,0,-32.7,-3.6,-3.6,0,35.9,37.3,0,0,0,0,0,6259,570,1,-1.2,-0.8,0,0,0,0,-25.3474938,131.0509628,8
21.26,RIDING,0.5831,22.5,50%,3.02,3.02,79.9,-2.4,-1.5,20,14.8,0,-53.6,-3.4,-3.4,0,36,37.4,0,0,0,0,0,6401,569,1,-0.6,-1.2,0,0,0,0,-25.3476296,131.0514134,8
21.38,RIDING,0.5877,23,51%,3,3,79.9,-2.4,-0.9,20.4,15.2,7,-65.3,-3.8,-3.8,0,36.1,37.4,0,0,0,0,0,6544,568,1,-1.1,-1.8,0,0,0,0,-25.3478041,131.0520357,8
21.47,RIDING,0.5923,23.5,52%,3.02,3.02,79.9,-2.8,-0.8,20.8,15.6,7.3,-71,-4.2,-4.2,0,36.2,37.5,0,0,0,0,0,6686,566,1,-1.2,-2.4,0,0,0,0,-25.3479399,131.0524863,8
21.59,RIDING,0.5969,24,53%,3.02,3.02,79.9,-3.6,0.4,21.2,16,0,-58.9,-4.6,-4.6,0,36.2,37.6,0,0,0,0,0,6828,567,1,-1.4,-3,0,0,0,0,-25.3480368,131.0526794,8
21.68,RIDING,0.6015,24.5,54%,3.02,3.02,79.9,-5.8,-2.1,21.6,16.4,0,6.4,-4.6,-4.6,0,36.3,37.7,0,0,0,0,0,6970,565,1,-3,-2.4,0,0,0,0,-25.3481532,131.0530442,8
21.78,RIDING,0.6061,25,56%,3.02,3.02,79.8,-5.7,-1.9,22.4,16.8,0,8.8,-4.4,-4.4,0,36.5,37.8,0,0,0,0,0,7113,564,1,-3.1,-2,0,0,0,0,-25.3481944,131.0532427,8
21.89,RIDING,0.6107,25.5,57%,3.02,3.02,79.8,-5.7,-1.9,22.8,17.2,0,27.9,-4.2,-4.2,0,36.6,37.8,0,0,0,0,0,7255,563,1,-3.9,-1.2,0,0,0,0,-25.3483204,131.0532615,8
21.98,RIDING,0.6153,26,58%,3.02,3.02,79.8,-6,-3.4,23.2,17.6,0,43.1,-4,-4,0,36.6,37.9,0,0,0,0,0,7397,562,1,-4.8,-0.6,0,0,0,0,-25.3489579,131.0530576,8
22.07,RIDING,0.6199,26.5,59%,3.02,3.02,79.8,-5.2,-3.2,23.6,18.4,0,21.1,-3.8,-3.8,0,36.7,38.1,0,0,0,0,0,7539,564,1,-4.9,-0.2,0,0,0,0,-25.3497239,131.0528725,8
22.16,RIDING,0.6245,27,60%,3.02,3.02,79.8,-4.5,-1.3,24,18.8,0,22.4,-3.2,-3.6,0,36.8,38.2,0,0,0,0,0,7682,563,1,-4.9,0.2,0,0,0,0,-25.350325,131.0527653,8
22.25,RIDING,0.6291,27.5,61%,3.02,3.02,79.7,-4.6,0,24.4,19.2,0,28.5,-3,-3.4,0,36.9,38.2,0,0,0,0,0,7824,561,1,-5.3,0.2,0,0,0,0,-25.3504664,131.0526338,8
22.37,RIDING,0.6337,28,62%,3.02,3.02,79.7,-3.8,0.7,24.8,19.6,0,34.9,-2,-3,0,37,38.3,0,0,0,0,0,7966,560,1,-5.2,0.8,0,0,0,0,-25.3506263,131.0525963,8
22.46,RIDING,0.6383,28.5,63%,3.02,3.02,79.7,-2.9,0.1,25.2,20,0,32.5,-1.4,-2.8,0,37,38.4,0,0,0,0,0,8108,561,1,-4.7,1.4,0,0,0,0,-25.3507669,131.0525534,8
22.55,RIDING,0.6429,29,64%,3.02,3.02,79.7,-2.4,-0.5,25.6,20.4,0,25.3,-1.2,-2.6,0,37.1,38.5,0,0,0,0,0,8251,562,1,-4.1,1.4,0,0,0,0,-25.3509463,131.0525158,8
22.66,RIDING,0.6475,29.5,66%,3.02,3.02,79.7,-2.7,-1.3,26.4,20.8,0,24,-1.6,-2.4,0,37.3,38.6,0,0,0,0,0,8393,563,1,-3.8,0.8,0,0,0,0,-25.351116,131.0524622,8
22.79,RIDING,0.6521,30,67%,3.02,3.02,79.6,-2.6,-2.3,26.8,21.2,0,34.8,-1.4,-2,0,37.4,38.6,0,0,0,0,0,8535,565,1,-3.8,0.6,0,0,0,0,-25.3513293,131.0524085,8
22.88,RIDING,0.6567,30.5,68%,3,3.02,79.6,-1.6,-2.7,27.2,21.6,0,34.5,-0.4,-1.8,0,37.4,38.7,0,0,0,0,0,8677,566,1,-3.6,1.4,0,0,0,0,-25.3516735,131.0523012,8
22.97,RIDING,0.6613,31,69%,3.02,3.02,79.6,-0.8,-2.1,27.6,22.4,0,18.7,-0.2,-1.6,0,37.5,38.9,0,0,0,0,0,8820,567,1,-3.2,1.4,0,0,0,0,-25.3519643,131.0522315,8
23.06,RIDING,0.6659,31.5,70%,3.02,3.02,79.6,-1.3,-1.4,28,22.8,0,23.2,-0.4,-1.4,0,37.6,39,0,0,0,0,0,8962,565,1,-3,0.8,0,0,0,0,-25.3522067,131.0521618,8
23.15,RIDING,0.6705,32,71%,3.02,3.02,79.6,-1.4,-1.8,28.4,23.2,0,28,-0.4,-1.2,0.2,37.7,39,0,0,0,0,0,9104,564,1,-2.9,0.2,0,0,0,0,-25.3525655,131.0520545,8
23.24,RIDING,0.6751,32.5,72%,3.02,3.02,79.5,-0.7,-2.7,28.8,23.6,0,20.9,-0.2,-1,0,37.8,39.1,0,0,0,0,0,9246,563,1,-2.5,0.6,0,0,0,0,-25.3529145,131.0519526,8
23.33,RIDING,0.6797,33,73%,3,3.02,79.5,-1.2,-4.5,29.2,24,0,20,-0.6,-0.8,0,37.8,39,0,0,0,0,0,9389,562,1,-2.6,0,0,0,0,0,-25.3533266,131.0518077,8
23.42,RIDING,0.6843,33.5,74%,0.08,0.06,79.5,-0.9,-6.9,29.6,24.4,0,24.6,-0.2,-0.6,0,37.9,39,0,0,0,0,0,9531,561,1,-2.5,0.2,0,0,0,0,-25.3536271,131.0517112,8
23.51,RIDING,0.6889,34,76%,0.06,0.06,79.5,-0.3,-6.3,30.4,24.8,0,9.6,0,-0.2,0,38.1,38.9,0,0,0,0,0,9673,560,1,-1.8,0,0,0,0,0,-25.3539374,131.0515663,8
23.6,RIDING,0.6935,34.5,77%,0.06,0.06,79.5,0,-3.9,30.8,25.2,0,14.9,0.4,0,0.4,38.2,38.9,0,0,0,0,0,9815,561,1,-1.2,0,0,0,0,0,-25.3542961,131.0514215,8
23.7,STOP Full,0.6981,35,78%,0.02,0.06,79.4,0.2,-1.8,31.2,25.6,0,16.6,0.6,0,0.6,38.2,38.8,0,0,0,0,0,9958,562,9,-0.7,0,0,0,0,0,-25.3546548,131.0512766,8
23.78,RIDING,0.7027,35.5,79%,3.02,3.02,79.4,24.3,-1.6,31.6,26.4,0,8.6,0.4,0,0.4,38.3,38.7,0,0,0,0,0,10100,563,1,-0.3,0,0,0,0,0,-25.3549021,131.0511372,8
23.88,RIDING,0.7073,36,80%,3.02,3.02,79.4,24.5,-1.6,32,26.8,0,11.6,0,0,0,38.4,38.6,0,0,0,0,0,10242,564,1,-0.2,0,0,0,0,0,-25.3551445,131.050987,8
23.99,RIDING,0.7119,36.5,81%,3,3.02,79.4,11.1,-3.3,32.4,27.2,0,8.1,0,0,0,38.5,38.6,0,0,0,0,0,10384,566,1,-0.2,0,0,0,0,0,-25.3553577,131.0507992,8
24.08,RIDING,0.7165,37,82%,3.02,3.02,79.4,-0.3,-4.6,32.8,27.6,0,15.8,0,0,0,38.6,38.5,0,0,0,0,0,10527,567,1,-0.4,0,0,0,0,0,-25.355542,131.0506436,8
24.17,RIDING,0.7211,37.5,83%,3.02,3.02,79.3,-0.1,-5.3,33.2,28,0,8.3,0,0,0,38.6,38.4,0,0,0,0,0,10669,569,1,-0.4,0,0,0,0,0,-25.3556971,131.0504666,8
24.27,RIDING,0.7257,38,84%,3.02,3.02,79.3,-0.1,-5.1,33.6,28.4,0,16.5,0,0,0,38.7,38.4,0,0,0,0,0,10811,568,1,-0.6,0,0,0,0,0,-25.3558958,131.0501662,8
24.38,RIDING,0.7303,38.5,86%,3.02,3.02,79.3,0.2,-5.7,34.4,28.8,0,15,0.6,0,0.6,38.9,38.3,0,0,0,0,0,10953,567,1,-0.7,0,0,0,0,0,-25.3560316,131.0499516,8
24.48,RIDING,0.7349,39,87%,3.02,3.02,79.3,0.8,-7.1,34.8,29.2,0,7.9,0.8,0,0.8,39,38.2,0,0,0,0,0,11096,565,1,-0.4,0,0,0,0,0,-25.356177,131.0496298,8
24.57,RIDING,0.7395,39.5,88%,3,3,79.3,1.6,-8,35.2,29.6,2.3,-10.8,1,-0.4,1.2,39,38.2,0,0,0,0,0,11238,564,1,0.7,0,0,0,0,0,-25.356337,131.0491899,8
24.65,RIDING,0.7441,40,89%,3,3,79.2,1.4,-8.1,35.6,30.4,0,-5.7,1,-0.8,1.6,39.1,38.1,0,0,0,0,0,11380,563,1,1.2,0,0,0,0,0,-25.3564921,131.0487446,8
24.75,RIDING,0.7487,39.7,88%,3,3,79.2,1.9,-7.7,35.2,30.8,0,-12.1,1.4,-0.8,2,39,38,0,0,0,0,0,11295,562,1,1.7,0,0,0,0,0,-25.3566375,131.0483208,8
24.84,RIDING,0.7533,39.3,87%,3,3,79.2,1.9,-6.6,34.8,31.2,0,-12.4,1.2,-1,2.2,39,37.9,0,0,0,0,0,11181,561,1,1.9,0,0,0,0,0,-25.3568023,131.0478649,8
24.92,RIDING,0.7579,38.9,86%,3,3,79.2,1.7,-5.1,34.4,31.6,0,-15,1,-1.2,2,38.9,37.8,0,0,0,0,0,11067,560,1,2.2,0,0,0,0,0,-25.3569235,131.0474733,8
25.02,RIDING,0.7625,38.5,86%,3.02,3,79.2,1.6,-3.4,34.4,32,0,-13.7,1,-1,2,38.9,37.8,0,0,0,0,0,10953,561,1,2.5,0,0,0,0,0,-25.3570253,131.0469905,8
25.11,RIDING,0.7671,38.1,85%,3,3,79.1,1.6,-1.6,34,32.4,2.3,-15.6,1,-1,2,38.8,37.8,0,0,0,0,0,10839,563,1,2.8,0,0,0,0,0,-25.3570787,131.0465559,8
25.2,RIDING,0.7717,37.8,84%,3,3,79.1,1.5,-0.9,33.6,32.8,0,-13.2,1,-1,1.8,38.7,37.7,0,0,0,0,0,10754,564,1,2.9,0,0,0,0,0,-25.3571223,131.0460785,8
25.29,RIDING,0.7763,37.4,83%,3,3,79.1,1.4,-1.8,33.2,33.2,0,-13.9,0.8,-1,1.8,38.6,37.6,0,0,0,0,0,10640,565,1,3.2,0,0,0,0,0,-25.3571368,131.0454562,8
25.38,RIDING,0.7809,37,82%,3,3,79.1,1.3,-4.6,32.8,33.6,0,-13.5,0.8,-1.2,1.8,38.6,37.5,0,0,0,0,0,10527,566,1,3.5,0,0,0,0,0,-25.3571853,131.0450432,8
25.47,RIDING,0.7855,36.6,81%,3.02,3.02,79.1,1.1,-7.7,32.4,34.4,0,-17.3,0.6,-1.2,1.8,38.5,37.4,0,0,0,0,0,10413,567,1,3.5,0,0,0,0,0,-25.3572095,131.0444638,8
25.62,RIDING,0.7901,36.2,80%,3.02,3.02,79,0.9,-9.5,32,34.8,0,-2.6,0.8,-1.2,1.8,38.4,37.4,0,0,0,0,0,10299,568,1,3.1,0,0,0,0,0,-25.3572532,131.0436109,8
25.71,RIDING,0.7947,35.8,80%,3.02,3.02,79,1.1,-9.8,32,35.2,0,-0.2,1.2,-0.8,1.8,38.4,37.3,0,0,0,0,0,10185,566,1,2.7,0,0,0,0,0,-25.3572289,131.0427472,8
25.8,RIDING,0.7993,35.4,79%,3.02,3.02,79,1.2,-10.2,31.6,35.6,0,3.8,1.4,-0.6,1.8,38.3,37.2,0,0,0,0,0,10071,565,1,2.3,0,0,0,0,0,-25.3571611,131.0420713,8
25.89,RIDING,0.8039,35,78%,3.02,3.02,79,1.4,-10.8,31.2,35.2,0,5,1.6,-0.4,1.8,38.2,37.1,0,0,0,0,0,9958,563,1,2.1,0,0,0,0,0,-25.3570641,131.0411969,8
25.97,RIDING,0.8085,34.6,77%,3,3,79,1.5,-11.4,30.8,34.8,0,8,1.8,-0.2,2,38.2,37.1,0,0,0,0,0,9844,562,1,2,0,0,0,0,0,-25.3569769,131.0405102,8
26.07,RIDING,0.8131,34.2,76%,3.02,3.02,78.9,1.7,-12.1,30.4,34.4,0,6.5,2,-0.2,2,38.1,37,0,0,0,0,0,9730,561,1,2.1,0,0,0,0,0,-25.356909,131.0398933,8
26.16,RIDING,0.8177,33.8,75%,3.02,3.02,78.9,1.5,-12.3,30,34.4,0,11,2,0,2,38,37,0,0,0,0,0,9616,560,1,2,0,0,0,0,0,-25.3568217,131.0392389,8
26.25,RIDING,0.8223,33.5,74%,3,3,78.9,1.4,-12.3,29.6,34,0,15.9,2,0,2,37.9,36.9,0,0,0,0,0,9531,561,1,1.6,0,0,0,0,0,-25.3567151,131.0385791,8
26.33,RIDING,0.8269,33,73%,3.02,3.02,78.9,1.4,-10.9,29.2,33.6,0,18.8,2,0,2,37.8,36.8,0,0,0,0,0,9389,562,1,1.2,0,0,0,0,0,-25.3565745,131.0380212,8
26.46,RIDING,0.8315,32.6,72%,3,3.02,78.9,1.1,-8.2,28.8,33.2,0,30.6,2.2,0,2,37.8,36.7,0,0,0,0,0,9275,564,1,0.3,0,0,0,0,0,-25.3563758,131.0373774,8
26.55,RIDING,0.8361,32.2,72%,3.02,3.02,78.8,1.6,-7.1,28.8,32.8,0,36.9,2.8,0,2,37.8,36.6,0,0,0,0,0,9161,565,1,-0.1,0.6,0,0,0,0,-25.3561964,131.0368034,8
26.64,RIDING,0.8407,31.8,71%,3.02,3.02,78.8,2.2,-6.5,28.4,32.4,0,38.3,3.4,0,2.2,37.7,36.6,0,0,0,0,0,9047,566,1,-0.4,1.2,0,0,0,0,-25.3559298,131.0359612,8
26.73,RIDING,0.8453,31.4,70%,3.02,3.02,78.8,2.6,-6.4,28,32,0,45,4,0,2.4,37.6,36.5,0,0,0,0,0,8933,567,1,-0.4,1.6,0,0,0,0,-25.3557165,131.0353068,8
26.82,RIDING,0.8499,31,69%,3,3,78.8,3.6,-5.7,27.6,32,0,40.3,4.8,0,2.4,37.5,36.5,0,0,0,0,0,8820,568,1,-0.1,2.2,0,0,0,0,-25.3555565,131.034824,8
26.91,RIDING,0.8545,30.6,68%,3.02,3.02,78.8,3.8,-4.3,27.2,31.6,0,29.3,4.4,0,2.2,37.4,36.4,0,0,0,0,0,8706,567,1,0.1,2,0,0,0,0,-25.3554692,131.0344699,8
27,RIDING,0.8591,30.2,67%,3.02,3.02,78.7,2.9,-2.1,26.8,31.2,0,31.8,3.6,0,2,37.4,36.3,0,0,0,0,0,8592,566,1,-0.1,1.4,0,0,0,0,-25.3553917,131.0341695,8
27.09,RIDING,0.8637,29.8,66%,3.02,3.02,78.7,2.5,0.2,26.4,30.8,0,26.2,2.8,0.4,1.8,37.3,36.2,0,0,0,0,0,8478,564,1,-0.2,1,0,0,0,0,-25.3553626,131.0339335,8
27.18,RIDING,0.8683,29.4,65%,3,3,78.7,2,1.1,26,30.4,0,31.5,2.6,0.2,1.4,37.2,36.2,0,0,0,0,0,8364,563,1,-0.6,1,0,0,0,0,-25.3553238,131.0337564,8
27.27,RIDING,0.8729,29,64%,3.02,3.02,78.7,1.7,1.2,25.6,30,0,24.1,2,0,1,37.1,36.1,0,0,0,0,0,8251,562,1,-0.7,0.8,0,0,0,0,-25.3553044,131.0335901,8
27.36,RIDING,0.8775,28.6,64%,3.02,3,78.7,1.2,1.4,25.6,29.6,0,10.8,1,0,0.8,37.1,36,0,0,0,0,0,8137,561,1,-0.6,0.2,0,0,0,0,-25.355296,131.0335259,8
27.45,RIDING,0.8821,28.2,63%,3.02,3.02,78.6,0.6,1.1,25.2,29.2,0,7.3,0.4,0,0.4,37,35.9,0,0,0,0,0,8023,560,1,-0.1,0,0,0,0,0,-25.3552814,131.033479,8
27.54,RIDING,0.8867,27.8,62%,3.02,3.02,78.6,0.4,0.3,24.8,28.8,0,1.6,0,0,0,37,35.8,0,0,0,0,0,7909,561,1,0.9,0,0,0,0,0,-25.355262,131.0334535,8
27.63,RIDING,0.8913,27.4,61%,3,3,78.6,0.6,0.6,24.4,28.8,0,-3.3,0,0,0,36.9,35.8,0,0,0,0,0,7795,563,1,2,0,0,0,0,0,-25.3552172,131.0334374,8
27.72,RIDING,0.8959,27,60%,3,3,78.6,0.6,1.3,24,28.4,0,-4.4,0,0,0,36.8,35.8,0,0,0,0,0,7682,564,1,2.8,0,0,0,0,0,-25.3551905,131.0334589,8
27.81,RIDING,0.9005,26.6,59%,3,3,78.6,0.6,1.8,23.6,28,0,-4.8,0,0,0,36.7,35.7,0,0,0,0,0,7568,566,1,3.4,0,0,0,0,0,-25.3551652,131.03348,8
27.9,RIDING,0.9051,26.2,58%,3,3,78.5,0.5,3,23.2,27.6,0,-4.5,0,-0.2,0,36.6,35.6,0,0,0,0,0,7454,568,1,3.9,0,0,0,0,0,-25.3551251,131.0334615,8
27.99,RIDING,0.9097,25.8,57%,3,3,78.5,0.4,4.1,22.8,27.2,0,4.4,0.2,-0.2,0.2,36.6,35.5,0,0,0,0,0,7340,567,1,4,0,0,0,0,0,-25.3550912,131.03342,8
28.08,RIDING,0.9143,25.4,56%,3,3,78.5,0.9,4,22.4,26.8,0,-0.4,0.6,-0.2,0.6,36.5,35.4,0,0,0,0,0,7226,565,1,4.2,0,0,0,0,0,-25.3550863,131.0333663,8
28.17,RIDING,0.9189,25,56%,3,3,78.5,1.2,3.8,22.4,26.4,0,-7.9,0.6,-0.4,0.8,36.5,35.4,0,0,0,0,0,7113,563,1,4.7,0,0,0,0,0,-25.3550924,131.0333288,8
28.26,RIDING,0.9235,24.6,55%,3.02,3,78.5,1.4,3.2,22,26,0,-12.3,0.6,-0.8,1.2,36.4,35.3,0,0,0,0,0,6999,562,1,4.9,0,0,0,0,0,-25.3551057,131.0332912,8
28.35,RIDING,0.9281,24.2,54%,3.02,3,78.4,1.2,2.3,21.6,25.6,0,-10.9,0.6,-1.2,1.6,36.3,35.2,0,0,0,0,0,6885,561,1,5,0,0,0,0,0,-25.3551311,131.0332577,8
28.44,RIDING,0.9327,23.8,53%,3.02,3.02,78.4,1.1,1,21.2,25.6,0,-16.5,0.4,-1,1.2,36.2,35.2,0,0,0,0,0,6771,560,1,5.2,0,0,0,0,0,-25.3551518,131.0332336,8
28.56,RIDING,0.9373,23.4,52%,3.02,3.02,78.4,0.6,0.1,20.8,25.2,0,-11.8,0,-1,0.8,36.2,32,0,0,0,0,0,6657,561,1,5.1,0,0,0,0,0,-25.3551772,131.0331947,8
28.67,RIDING,0.9419,23,51%,3,3,78.4,0.2,-1.8,20.4,24.8,0,-4.4,-0.4,-0.8,0.4,36.1,32.1,0,0,0,0,0,6544,562,1,4.3,0,0,0,0,0,-25.3551542,131.0331675,8
28.77,RIDING,0.9465,22.6,50%,3,3,78.4,0.1,-0.3,20,24.4,0,1.3,-0.4,-0.4,0,36,32.2,0,0,0,0,0,6430,563,1,3.4,0,0,0,0,0,-25.3551251,131.0331544,8
28.86,RIDING,0.9511,22.2,49%,3,3,78.3,0,0.6,19.6,24,0,-11.7,-0.6,-0.6,0,35.9,32.3,0,0,0,0,0,6316,564,1,2.8,0,0,0,0,0,-25.3550912,131.0331491,8
28.95,RIDING,0.9557,21.8,48%,3,3.02,78.3,-0.3,-3.2,19.2,23.6,0,-11.9,-1,-1,0,35.8,32.4,0,0,0,0,0,6202,566,1,3,0,0,0,0,0,-25.3550572,131.0331464,8
29.04,RIDING,0.9603,21.4,48%,3.02,3.02,78.3,-2,-6,19.2,23.2,0,33.2,-1,-1.2,0,35.8,32.6,0,0,0,0,0,6088,567,1,2.4,0,0,0,0,0,-25.3550366,131.033129,8
29.19,RIDING,0.9649,21,47%,3,3.02,78.3,-2.2,-11.8,18.8,22.8,0,67.6,-0.2,-0.8,0,35.8,32.6,0,0,0,0,0,5975,569,1,1.3,0.6,0,0,0,0,-25.3550221,131.0330632,8
29.28,RIDING,0.9695,20.6,46%,3.02,3.02,78.3,-1.3,-12.2,18.4,22.4,2.7,63.9,0.6,-0.6,0,35.7,32.7,0,0,0,0,0,5861,568,1,1.4,1,0,0,0,0,-25.3550354,131.0330337,8
29.37,RIDING,0.9741,20.2,45%,3.02,3.02,78.2,0,-10.4,18,22.4,0,54.6,1.4,-0.4,0,35.6,32.9,0,0,0,0,0,5747,567,1,1.9,1.6,0,0,0,0,-25.3550645,131.033019,8
29.46,RIDING,0.9787,19.8,44%,3.02,3.02,78.2,1.9,-6.2,17.6,22,0,30.6,2.6,-0.2,0.4,35.5,33,0,0,0,0,0,5633,565,1,2.6,2.2,0,0,0,0,-25.3550972,131.0330136,8
29.55,RIDING,0.9833,19.4,43%,0.06,3.02,78.2,2.3,-2.7,17.2,21.6,0,23.3,2.6,0.2,0.6,35.4,33,0,0,0,0,0,5519,563,1,3.1,1.8,0,0,0,0,-25.3551457,131.0329935,8
29.64,RIDING,0.9879,19,42%,0.06,3.02,78.2,1.9,-1,16.8,21.2,0,20.8,2,0.4,0.6,35.4,33.1,0,0,0,0,0,5406,562,1,3,1.2,0,0,0,0,-25.3551724,131.032968,8
29.73,RIDING,0.9925,14,41%,0.06,3.02,78.2,0.2,-1.4,16.4,20.8,0,45,1.2,0.8,0.2,35.3,33.3,0,0,0,0,0,3983,561,1,2.4,0.8,0,0,0,0,-25.3551772,131.0329117,8
29.82,RIDING,0.9971,8,40%,0.06,3.02,78.1,0.4,-3.9,16,20.4,0,56.1,1.6,1.2,0.4,35.2,33.4,0,0,0,0,0,2276,560,1,1.8,1.2,0,0,0,0,-25.3551518,131.0328818,8
29.91,STOP Half,1.0017,1.5,40%,0.06,3.02,78.1,-24,-5.2,16,20,0,55.8,2.6,1.4,0.8,35.2,33.5,0,0,0,0,0,569,561,8,1.8,1.8,0,0,0,0,-25.3551021,131.0328621,8